ID,Name,School_ID,School,District,9_PR,10_PR,11_PR,12_PR,Grad_Yr
319625,Clara Midgley,308,University Prep,District 9,60.36,61.07,60.07,61.88,2011
184213,Mackenna Moore,310,Cascade Christian,District 3,64.61,64.86,61.49,62.79,2010
243672,Stephanie Rice,345,King's,District 8,64.43,63.34,64.58,68.43,2011
296046,Alia Payne,360,Vashon Island,District 3,67.14,64.92,67.44,67.12,2011
354829,Maddie Knaub,383,Chelan,District 6,69.2,65.26,65.24,65.24,2011
216714,Emily Blizard,377,Kiona-Benton,District 5,65.91,63.1,65.28,63.34,2010
251433,Courtney Hornby,367,Rochester,District 4,66.01,65.34,66.24,66.94,2011
286471,Emma Lodes,360,Vashon Island,District 3,65.54,66.17,65.64,67.76,2011
146296,Kelsie Folden,382,Cashmere,District 6,67.17,64.68,67.02,60.89,2010
237711,Jessica Spear,338,Tonasket,District 6,69.1,67.14,68.5,67.48,2011
303760,Irene Goble,322,Goldendale,District 5,66.4,68.64,69.4,68.36,2011
530126,Britten Ellis,332,Zillah,District 5,70.44,64.79,65.42,68.24,2012
825752,Marriah Paxton,323,Columbia (Burbank),District 5,76.53999999999999,68.19,66.5,66.3,2012
138993,Michele Harrod,381,Cascade (Leavenworth),District 6,62.94,64.61,70.17,66.64,2010
301978,Jessica Wallace,403,Squalicum,District 8,63.22,61.32,61.02,63.84,2011
3002464,Kristin Turner,457,Tumwater,District 4,61.45,62.41,62.16,64.74,2012
431483,Charlie Fiander,465,Wapato,District 5,65.15,61.66,66.28,64.14,2011
360613,Emily Moore,457,Tumwater,District 4,62.32,61.94,63.34,62.77,2011
298119,Tenaya Davis,394,Cedarcrest,District 8,67.24,62.07,62.54,61.29,2011
867968,Brittney Beard,447,Mark Morris,District 4,62.95,62.44,61.52,60.59,2012
736145,Madison Heilmann,402,Sehome,District 8,63.46,61.6,70.31,61.19,2012
537084,Amber Stokes,400,Lynden,District 8,63.91,63.92,62.78,62.87,2012
798156,Alicia Lopez,365,Hoquiam,District 4,64.84,67.63,67.24,64.44,2012
110740,Mara Short-Miller,397,Bellingham,District 8,65.89,63.05,65.0,65.0,2010
132108,Maren Hanson,396,Anacortes,District 8,64.63,63.54,65.46,61.04,2010
325143,McKenzie Graf,460,Ellensburg,District 5,63.62,65.77,63.72,62.0,2011
720799,Taryn Vis,400,Lynden,District 8,67.34,65.04,62.91,64.45,2012
792215,Sarah Cepowski,395,South Whidbey,District 8,67.74,67.27,72.35,70.08,2012
825663,Amanda Peters,344,Granite Falls,District 8,71.19,68.74,71.78,76.34,2012
839760,Taylor Guenther,540,Prairie,District 4,60.84,60.49,62.24,62.44,2012
142109,Michelle Pillette,450,Camas,District 4,61.35,65.3,61.04,62.64,2010
791286,Kate Hisken,425,Seattle Prep,District 9,61.16,62.0,65.63,67.73,2012
306008,Lauren Bulzomi,524,Sumner,District 3,61.8,61.58,61.27,62.82,2011
119926,Ashley Desharnias,405,Shorecrest,District 8,63.64,62.47,62.28,62.43,2010
245197,Ashley Packard,466,West Valley (Yakima),District 6,61.84,63.14,62.16,63.91,2011
794648,Leah DeDominces,524,Sumner,District 3,63.14,61.9,62.35,66.1,2012
815696,Alexandra White,444,Columbia River,District 4,63.41,63.03,63.99,64.33,2012
128381,Demi Garagan,440,Lakes,District 3,68.34,66.04,64.26,70.9,2010
522986,Madison Guscott,503,Capital,District 3,64.53,62.48,60.37,61.11,2012
787033,Lynleigh Oliver,405,Shorecrest,District 8,65.66,63.6,62.75,67.91,2012
172196,Brittany Clasey,538,Hudson's Bay,District 4,61.73,63.64,64.74,66.64,2010
255685,Emily Eilertson,519,Enumclaw,District 3,68.97,65.67,66.93,65.64,2011
523269,Katie Thomas,459,Yelm,District 3,66.24,64.76,65.77,64.52,2012
306019,Leah Engelhardt,524,Sumner,District 3,70.98,66.73,66.54,68.56,2011
303525,Jaslyn Harder,519,Enumclaw,District 3,66.22,67.11,70.84,73.81,2011
131775,Cara Thomas,519,Enumclaw,District 3,68.16,69.03,67.31,70.28999999999999,2010
321257,Michelle Bretl,499,Skyline,District 9,60.94,60.18,61.57,61.14,2011
310125,Jesse Ridenour,510,Olympia,District 3,61.4,60.29,61.15,62.38,2011
355259,Magie Munoz,551,Moses Lake,District 6,62.93,61.44,60.78,61.41,2011
790290,Cassidy Richmond,525,Tahoma,District 3,61.58,61.11,60.42,61.51,2012
135310,Noelle Marchesini,506,Gig Harbor,District 3,63.0,60.96,61.8,61.68,2010
325399,Katie Anderson,472,Arlington,District 8,64.04,61.9,63.22,64.52,2011
782517,Megan McNally,523,Kentwood,District 3,61.95,62.24,62.18,62.91,2012
315350,Shaunice Townsend,546,Pasco,District 5,62.19,62.54,73.26,63.68,2011
526465,Alisa Poplawski,412,Newport (Bellevue),District 9,62.69,64.77,62.14,63.34,2012
844536,Maura McKole,485,Oak Harbor,District 8,62.92,61.89,61.82,62.74,2012
144339,Riley Henderson,488,Stanwood,District 8,66.14,62.34,63.09,63.92,2010
533177,Sydni Rhoads,477,Kamiak,District 8,63.37,63.46,61.89,65.31,2012
333877,Marchelle Bostic,478,Lake Stevens,District 8,62.03,63.79,63.35,65.16,2011
139243,Kristi Leahy,487,Snohomish,District 8,63.37,63.88,63.87,61.93,2010
139244,Traci Leahy,487,Snohomish,District 8,63.64,62.97,65.94,62.25,2010
287440,Kelsey Johnson,486,Shorewood,District 8,66.02,68.7,65.85,69.38,2011
845994,Katy Pace,479,Mariner,District 8,70.01,66.52,67.08,69.22,2012
787692,Madison Callan,408,Issaquah,District 9,62.74,62.67,62.24,61.74,2012
815496,Audrey Nordness,496,Lake Washington,District 9,65.5,63.8,64.9,64.9,2011
132727,Sarah Cusanelli,537,Heritage,District 4,65.92,66.04,66.16,66.44,2010
170063,Christine Shinn,535,Battle Ground,District 4,66.32,65.39,67.02,66.84,2010
131257,Lauren Poole,493,Garfield,District 9,64.14,66.54,67.24,65.44,2010
133040,Courtney MacIsaac,518,Auburn Riverside,District 3,70.14,64.19,62.84,62.98,2010
310115,Taylor Fiskness,510,Olympia,District 3,69.82,63.0,65.57,62.51,2011
790656,Alanna Flynn,504,Central Kitsap,District 3,63.9,63.26,63.14,64.94,2011
145437,Robin Hanson,525,Tahoma,District 3,65.64,64.84,65.78,66.5,2010
863103,Tori Zellerhoff,528,Decatur,District 3,69.14,67.64,68.34,66.16,2012
331196,Hannah Moreland,550,Eastmont,District 6,65.81,63.9,64.31,66.23,2011
857164,Roddie Shanley,547,Richland,District 5,65.01,62.86,60.71,61.36,2012
218055,Tori Hartman,550,Eastmont,District 6,64.34,64.65,65.77,67.39,2010
1986159,Lupe Vazquez,367,Rochester,District 4,62.09,62.13,66.04,64.1,2013
1439536,Ashton Weddle,382,Cashmere,District 6,62.5,63.86,62.77,68.22,2013
554590,Jessica Walker,332,Zillah,District 5,67.74,67.05,69.53999999999999,71.73,2013
1939860,Anna Bailey,298,Coupeville,District 3,70.17,67.74,67.71,69.09,2013
1963268,Hope Mortensen,451,Black Hills,District 4,61.22,61.15,63.83,65.31,2013
1908848,Kim Rabenstein,398,Burlington-Edison,District 8,62.9,63.55,63.88,63.05,2013
1447126,Melia Beckwith,20538,Kingston,District 3,63.37,62.3,63.75,67.14,2013
2075534,Candace Wilson,447,Mark Morris,District 4,63.7,65.84,64.03,64.14,2013
2928902,Mckenzie May,451,Black Hills,District 4,64.64,62.77,65.99,63.25,2013
1849316,Kate Hannah,402,Sehome,District 8,66.4,62.43,65.02,62.88,2013
1439483,Anna Hood,395,South Whidbey,District 8,69.74,68.23,67.15,64.14,2013
1989183,Brittany Simmons,458,W F West,District 4,71.82,67.87,65.66,63.67,2013
1931488,Carly Quirk,460,Ellensburg,District 5,67.19,66.98,65.3,64.96,2013
1958026,Alexis Carandang,456,Timberline,District 3,63.03,62.89,63.31,61.48,2013
1949754,Cozette Padon,425,Seattle Prep,District 9,65.6,63.7,63.4,68.3,2013
1871961,Jordan Dewey,418,Eastside Catholic,District 9,74.58,77.53999999999999,74.53999999999999,78.44,2013
1463394,Monique Smith,433,Lindbergh,District 3,64.04,65.32,65.14,65.18,2013
1441811,Sierra Espinal,19375,Bonney Lake,District 3,68.82,66.92,67.64,66.69,2013
1379401,Daryl Phill,501,Bellarmine Prep,District 3,61.41,60.88,61.83,63.14,2013
1483836,Jordin Stephenson,488,Stanwood,District 8,62.98,63.82,65.24,70.03,2013
1954468,Diamond Martin,472,Arlington,District 8,65.95,66.7,70.34,69.14,2013
1942433,Myesa Legendre-Fixx,477,Kamiak,District 8,67.57,64.94,66.14,65.17,2013
1909639,Anh Thi,536,Evergreen (Vancouver),District 4,67.29,64.24,62.65,61.63,2013
1980501,Leah Johnson,528,Decatur,District 3,66.26,63.91,66.57,66.21,2013
1930492,Samantha Meyers,550,Eastmont,District 6,67.65,70.03999999999999,64.35,65.23,2013
1876221,Brittany Gibbar,549,Walla Walla,District 5,68.16,67.42,64.92,63.79,2013
3062459,Morgan Hawkins,383,Chelan,District 6,63.29,63.23,61.25,64.48,2014
2527327,Kacey Kemper,345,King's,District 8,64.36,64.42,63.3,60.51,2014
2886570,Cassie Spear,338,Tonasket,District 6,65.14,63.35,64.5,61.04,2014
2985566,Cynthia Cid,330,Royal,District 5,66.6,69.63,68.6,67.78,2014
2886573,Kylie Dellinger,338,Tonasket,District 6,67.04,68.84,69.44,75.75,2014
3011515,Makayla White,324,River View,District 5,72.93,72.18,76.85,70.03999999999999,2014
3002464,Kristin Turner,451,Black Hills,District 4,61.45,62.41,62.16,64.74,2012
2928902,Mckenzie May,457,Tumwater,District 4,64.64,62.77,65.99,63.25,2013
2929784,Machaela Graddy,354,Eatonville,District 4,63.05,60.88,60.65,61.38,2014
2949986,Katie Studebaker,398,Burlington-Edison,District 8,63.24,62.39,64.05,63.66,2014
2981991,Hannah Hudson,428,Sequim,District 3,64.79,65.05,68.53,63.61,2014
2975670,Gabby Bender,373,Woodland,District 4,65.64,67.84,70.84,67.14,2014
2571941,Crystal Cochrane,397,Bellingham,District 8,66.14,63.03,62.42,64.14,2014
2948528,Carly Stinson,454,North Thurston,District 3,67.5,63.2,63.36,65.47,2014
2927983,Grace Douglas,404,Lynnwood,District 8,66.11,61.63,61.79,60.64,2014
2935851,Theresa Gibbons,425,Seattle Prep,District 9,64.8,65.68,73.41,72.73,2014
3023154,Olivia Sullivan,528,Decatur,District 3,66.39,65.07,62.6,62.47,2014
2963719,Ellie Combs,441,Peninsula,District 3,71.72,68.64,71.05,70.74,2014
2927615,Liliana Rasmussen,461,Hanford,District 5,64.92,63.99,64.0,62.77,2015
2527274,Larisa Robic,501,Bellarmine Prep,District 3,62.04,61.2,61.71,62.34,2014
2960279,Niko Zorn,513,Shelton,District 3,62.86,65.35,67.28,76.1,2014
2955595,Hannah Moeller,549,Walla Walla,District 5,67.54,68.42,64.02,64.24,2014
3057837,Kassidy Willard,549,Walla Walla,District 5,67.64,67.75,68.37,68.28,2014
4027460,Myranda Floch,366,Montesano,District 4,63.34,61.84,60.24,60.04,2015
4033168,Jazzmine Rowland,321,Kalama,District 4,67.27,64.34,62.77,60.34,2015
3627445,Daisy Campos,383,Chelan,District 6,67.69,65.64,66.93,65.54,2015
4027974,Julia Inderbitzin,310,Cascade Christian,District 3,68.64,62.61,62.03,61.77,2015
3941233,Annika Lee Krol,509,North Kitsap,District 3,61.17,62.14,65.16,67.12,2015
3917957,Summer Dean,361,Hockinson,District 4,64.22,70.44,61.23,64.52,2015
4046699,Madison Tobin,354,Eatonville,District 4,65.26,67.34,68.12,70.85,2015
3996918,Elizabeth Novy,396,Anacortes,District 8,67.06,69.34,77.28999999999999,65.98,2015
3977149,Clare Casey,460,Ellensburg,District 5,66.2,65.3,62.92,63.29,2015
3971986,Haley Coburn,463,Selah,District 5,67.97,67.77,67.05,69.02,2015
4031061,Baylee Barnes,22531,Glacier Peak,District 8,63.35,62.92,61.11,62.04,2015
3933787,Payton McGuin,503,Capital,District 3,64.03,62.93,62.5,63.95,2015
3985226,Christina Garrison,486,Shorewood,District 8,64.33,64.63,63.6,62.98,2015
4038336,Mikelle Ackerley,414,Bainbridge,District 9,65.94,62.49,62.24,63.17,2015
3976735,Elizabeth Niehoff,425,Seattle Prep,District 9,66.2,61.2,66.41,65.61,2015
4031390,Anna Main,413,Sammamish,District 9,66.78,71.03999999999999,71.94,74.59,2015
4130658,Grace Valeson,413,Sammamish,District 9,116.2,68.03,76.94,75.71000000000001,2015
3840592,Amali Fernando,418,Eastside Catholic,District 9,73.07,64.04,71.57,76.99,2015
3976802,Arlena Hannan,551,Moses Lake,District 6,62.03,63.59,62.6,61.87,2015
2534689,Amanda Chalfant,408,Issaquah,District 9,64.73,62.04,63.34,60.14,2014
2581027,Elaina Hitt,536,Evergreen (Vancouver),District 4,63.05,62.42,68.44,65.74,2014
3976757,Stephanie Overland,551,Moses Lake,District 6,62.45,61.63,61.76,63.3,2015
4013593,Kendal Garcia,478,Lake Stevens,District 8,70.89,66.93,65.84,67.65,2015
3635716,Emma Lower,493,Garfield,District 9,65.64,60.54,60.34,61.74,2015
2985342,Anna Roslander,412,Newport (Bellevue),District 9,75.74,68.64,65.54,64.2,2014
2528626,Sophie Carroll,504,Central Kitsap,District 3,65.78,63.35,63.87,60.44,2014
3934355,Cathryn Casey,501,Bellarmine Prep,District 3,64.6,65.5,67.35,68.8,2015
3949096,Jessica Kuntz,521,Kentlake,District 3,65.44,61.33,63.65,65.75,2015
3957253,Alishia Daniel,19369,Todd Beamer,District 3,67.41,64.99,63.06,61.03,2015
3608482,Caree Kulesza,515,Stadium,District 3,70.38,67.77,66.64,69.08,2015
2640923,Gillian Edgar,345,King's,District 8,64.34,64.38,64.4,63.23,2016
5061558,Olivia Smith,378,Naches Valley,District 5,65.53,69.03999999999999,72.44,75.4,2016
5240699,Lexi Leff,309,Seattle Academy,District 9,65.66,68.14,64.34,65.87,2016
10630524,Alexis Redfield,332,Zillah,District 5,66.34,69.07,62.44,62.94,2016
5145485,Kai Milici,308,University Prep,District 9,67.04,65.4,62.23,60.28,2016
3239770,Emmy Engle,336,Okanogan,District 6,67.52,68.47,70.64,62.64,2016
3274901,Amber Malik,373,Woodland,District 4,68.84,60.24,62.17,62.54,2016
3274880,Kenya Byrnes,373,Woodland,District 4,71.64,68.14,66.12,70.94,2016
5227886,Carolina Martinez,374,Connell,District 5,70.65,70.44,69.43,72.68,2016
3254141,Alana Handy,398,Burlington-Edison,District 8,60.53,62.42,62.71,61.85,2016
5221816,Tegan Daviscourt,427,North Mason,District 3,61.42,65.82,62.17,66.4,2016
5187913,Cassidee Barclay,400,Lynden,District 8,64.19,68.53,63.2,65.01,2016
5180781,Stephanie Smith,346,Lakewood,District 8,66.93,64.76,65.02,65.72,2016
5166501,Jordyn Yowell,394,Cedarcrest,District 8,67.12,67.19,69.82,71.82,2016
5165102,Hunter Clark,346,Lakewood,District 8,69.32,64.34,66.85,70.98,2016
5216493,Zuleyka Lopez-Cruz,438,Fife,District 3,70.84,68.08,69.96000000000001,72.1,2015
4707727,Brianna Powar,20538,Kingston,District 3,68.38,67.83,66.73,68.41,2016
5196185,Brianne Wiens,443,White River,District 3,71.6,69.94,70.94,68.3,2016
5207314,Kyla Norell,462,Prosser,District 5,68.67,64.45,62.35,64.35,2016
4698305,Lindsey Goldsby,513,Shelton,District 3,60.51,60.88,66.64,62.12,2016
5248971,Aerin Amore,414,Bainbridge,District 9,61.92,61.46,62.34,61.42,2016
4766891,Elena Joseph,425,Seattle Prep,District 9,61.95,60.99,61.1,61.78,2016
5220516,Alexandria Chang,481,Meadowdale,District 8,65.21,64.21,64.22,62.02,2016
5220709,Helena Long,420,Ingraham,District 9,68.01,65.12,64.34,61.76,2016
5175912,Michaela Frantz,19375,Bonney Lake,District 3,73.78999999999999,72.74,72.02,70.09,2016
5140778,Mattea Buhrmaster,538,Hudson's Bay,District 4,70.94,72.61,63.83,65.64,2016
4722892,Jeniya Guillen,464,Sunnyside,District 6,63.91,61.02,60.8,63.83,2016
5205282,Riley McCrea,461,Hanford,District 5,67.4,66.44,64.39,69.12,2016
5237416,Alexandra Andrew,547,Richland,District 5,61.62,60.59,62.28,63.24,2016
4700860,Kayla Rivera,543,Eisenhower,District 6,62.47,62.13,60.55,61.92,2016
4757564,Mikayla Pivec,404,Lynnwood,District 8,62.83,62.06,62.06,62.14,2016
5182348,Julian Johnson,530,Federal Way,District 3,63.29,62.96,63.12,63.21,2016
4744468,Emma Hatton,510,Olympia,District 3,64.64,65.74,63.97,64.63,2016
4763086,Alyssa Mendoza,19369,Todd Beamer,District 3,64.69,66.41,65.62,64.28,2016
5176140,Kendahl Powell,459,Yelm,District 3,64.96,63.24,62.94,67.24,2016
4273281,Asia Walker,504,Central Kitsap,District 3,67.25,65.95,65.31,66.14,2015
4687663,Anne Sweeney,525,Tahoma,District 3,66.33,66.18,67.1,65.26,2016
2955973,Irina Dolbinina,537,Heritage,District 4,66.94,66.64,69.24,72.24,2014
7401850,Elizabeth Donnelly,395,South Whidbey,District 8,61.64,62.21,62.73,62.01,2018
7375956,Elena Carrion,35388,Seton Catholic,District 4,62.36,61.47,62.89,67.71,2018
6506113,Gracelynn Miller,330,Royal,District 5,64.61,62.38,60.86,62.99,2017
6525742,Isabel Duxbury,308,University Prep,District 9,66.54,63.29,65.71,63.74,2017
7330673,Kalen Johnson,332,Zillah,District 5,63.64,62.24,62.95,61.87,2018
7889025,Jillian Pendergast,309,Seattle Academy,District 9,64.14,63.84,66.74,65.34,2018
6423194,Addie Ivory,383,Chelan,District 6,65.52,66.32,65.64,63.68,2017
4230793,Kaelyn Shipley,321,Kalama,District 4,66.62,66.36,69.53999999999999,66.34,2017
7815977,Savannah Smith,356,Klahowya,District 3,70.01,65.43,62.49,60.79,2018
7407228,Rachel Estes,377,Kiona-Benton,District 5,68.77,71.83,70.28,72.46000000000001,2018
7833956,Makenna Price,374,Connell,District 5,69.38,74.5,70.52,70.4,2018
6753389,Ashtynn Husted,465,Wapato,District 5,61.38,64.15,62.07,66.62,2018
6404585,Sara Bigelow,509,North Kitsap,District 3,65.39,61.68,61.99,62.72,2017
7423373,Chloe Mitchell,443,White River,District 3,64.05,62.72,61.03,60.22,2018
6493314,Teagan Kline,442,Washington,District 3,66.03,64.08,62.92,63.47,2017
8714046,Codi Short,457,Tumwater,District 4,65.56,64.39,65.57,65.37,2017
6423746,Diana Stelmakh,538,Hudson's Bay,District 4,64.18,64.84,63.2,66.1,2017
6483760,Kristina DeKoster,403,Squalicum,District 8,67.24,65.94,65.36,64.71,2017
7407895,Kornelija Houston,400,Lynden,District 8,67.71,63.91,64.97,64.87,2018
7318101,Kate Vergillo,394,Cedarcrest,District 8,69.5,67.81,64.72,64.07,2018
5871962,Madi Shinn,394,Cedarcrest,District 8,65.74,67.29,66.91,66.2,2017
7320057,Gracie Long,512,Port Angeles,District 3,68.76,64.31,64.77,62.74,2018
7842874,Lauren Peck,511,Olympic,District 3,69.7,68.9,70.82,72.22,2018
6481947,Stephanie Barr,511,Olympic,District 3,65.79,70.24,65.88,72.03999999999999,2017
6532207,Laura Nutter,512,Port Angeles,District 3,73.52,72.02,75.83,77.11,2017
7851180,Star Cavalier,442,Washington,District 3,74.9,71.03999999999999,66.6,65.9,2018
7227954,McKenna Flanagan,373,Woodland,District 4,69.44,69.94,67.54,66.04,2018
7944142,Shae Alder,449,Washougal,District 4,71.53999999999999,71.33,67.08,67.07,2018
7419550,Isabella Rodriguez,380,Toppenish,District 5,66.61,66.59,67.44,65.1,2018
5939289,Eliza Glenn,460,Ellensburg,District 5,72.86,68.12,67.66,67.15,2017
7845710,Ashley Sabalza,380,Toppenish,District 5,78.53,77.94,75.38,80.2,2018
6569309,Ellie Baxter,418,Eastside Catholic,District 9,64.66,61.64,63.53,64.16,2017
7384539,Emma Sjolund,524,Sumner,District 3,62.07,61.4,61.0,63.23,2018
7693094,Madison Mackenzie-Pickar,425,Seattle Prep,District 9,62.44,66.17,62.58,65.7,2018
3281029,Bethany Clowers,496,Lake Washington,District 9,65.06,62.44,62.94,64.04,2017
7853471,Adrienne Cordell,486,Shorewood,District 8,62.48,62.35,60.52,61.47,2018
7842383,Haley Hunsaker,517,Auburn,District 3,62.73,62.9,62.49,62.05,2018
6505063,Sabrina Farrell,39269,Marysville Getchell,District 8,64.43,62.92,63.35,62.5,2017
5908259,Audrey Weaver,414,Bainbridge,District 9,65.55,63.39,62.91,69.82,2017
7928616,Chloe Myers,416,Chief Sealth,District 9,63.54,61.54,61.52,60.81,2018
6425307,Jessica Ong,483,Mountlake Terrace,District 8,61.97,64.21,61.23,66.73,2017
7865037,Amanda Johnson,22531,Glacier Peak,District 8,71.03,69.8,66.77,66.23,2018
7308110,Joan Park,483,Mountlake Terrace,District 8,74.34,75.28,72.3,72.84,2018
6483953,Joselyn Sellers,489,Ballard,District 9,68.23,65.54,64.33,66.74,2017
5824213,Lexi Kyro,422,Nathan Hale,District 9,62.2,66.13,62.04,62.59,2017
6360197,Amanda Foos,415,Bishop Blanchet,District 9,71.44,68.42,65.96,65.02,2017
5909804,Clara Ingraham,489,Ballard,District 9,76.07,70.01,70.94,63.06,2017
5942977,Lilah Brenowitz,420,Ingraham,District 9,69.44,70.14,78.12,74.34,2017
4812601,Molly Fischer,504,Central Kitsap,District 3,64.26,62.15,64.77,64.72,2018
7386450,Tashana Williams,518,Auburn Riverside,District 3,64.94,68.91,70.16,69.24,2018
6421728,Hailey Gieser,524,Sumner,District 3,64.59,66.07,66.29,70.13,2017
6474348,Jaeden Koyen,441,Peninsula,District 3,68.14,66.84,66.59,65.86,2017
7779704,Kelsey Au,503,Capital,District 3,67.78,65.81,66.35,65.83,2018
7315796,Tyra Lindula,19375,Bonney Lake,District 3,70.72,66.52,71.48,69.84,2018
6214444,Georgia Coleman,461,Hanford,District 5,66.21,66.45,67.47,67.85,2017
7840050,Kylie Scherbarth,544,Kamiakin,District 5,66.52,63.32,62.93,61.96,2018
7943396,Jennifer Lentz,461,Hanford,District 5,70.42,63.48,64.13,65.15,2018
7829239,Dallas Borrego,464,Sunnyside,District 6,62.07,62.03,63.89,62.36,2018
6428726,Taylor Irwin,541,Skyview,District 4,65.14,62.77,63.04,65.57,2017
7841729,Megan Grose,477,Kamiak,District 8,65.0,66.0,64.4,63.2,2018
6503590,Caroline Ferguson,477,Kamiak,District 8,63.01,65.75,61.81,61.28,2017
6487869,Sara Thomas,473,Cascade (Everett),District 8,66.91,66.42,67.68,66.34,2017
7880888,Jada Vignos,482,Monroe,District 8,68.02,65.06,63.4,64.17,2018
7841808,Kristine Tandoc,477,Kamiak,District 8,70.71000000000001,70.71000000000001,73.84,76.57,2018
7841817,Noelle Young,477,Kamiak,District 8,73.45,69.64,70.14,69.41,2018
7802050,Abby Jean Blackwell,525,Tahoma,District 3,66.43,61.44,60.69,63.08,2018
5927719,Trina Le,525,Tahoma,District 3,72.94,67.16,70.43,67.79,2017
7894614,Maya Hodder,506,Gig Harbor,District 3,68.13,63.98,64.01,62.41,2018
7830952,Karlie Smith,547,Richland,District 5,63.6,63.44,63.33,60.92,2018
6514817,Katie Thien,29898,Chiawana,District 5,66.11,64.38,62.53,64.06,2017
6452926,Alexandra Meliah,549,Walla Walla,District 5,66.89,66.11,66.71,65.49,2017
7828017,Hannah Gardner,549,Walla Walla,District 5,66.33,64.31,63.22,62.75,2018
7830935,Logan Jackson,547,Richland,District 5,72.95,63.54,62.96,61.53,2018
7853118,Morgan Yamane,551,Moses Lake,District 6,64.01,66.79,62.77,64.98,2018
6583182,Kamrin Pandher,551,Moses Lake,District 6,77.34,82.0,68.69,66.27,2017
7805641,Jacqueline Wong,522,Kentridge,District 3,69.71000000000001,71.86,72.69,71.08,2018
